<?xml version="1.0" encoding="UTF-8"?>
<project-private xmlns="http://www.netbeans.org/ns/project-private/1">
    <editor-bookmarks xmlns="http://www.netbeans.org/ns/editor-bookmarks/2" lastBookmarkId="0"/>
    <open-files xmlns="http://www.netbeans.org/ns/projectui-open-files/2">
        <group>
            <file>file:/C:/Users/sunil/OneDrive/Sheridan/Winter%202020/Web%20Programming/assignment-2/a2-sunil-sunichura/public_html/index.html</file>
            <file>file:/C:/Users/sunil/OneDrive/Sheridan/Winter%202020/Web%20Programming/assignment-2/a2-sunil-sunichura/public_html/_Jscripts/script.js</file>
        </group>
    </open-files>
</project-private>
