<?xml version="1.0" encoding="UTF-8"?>
<project-private xmlns="http://www.netbeans.org/ns/project-private/1">
    <editor-bookmarks xmlns="http://www.netbeans.org/ns/editor-bookmarks/2" lastBookmarkId="0"/>
    <open-files xmlns="http://www.netbeans.org/ns/projectui-open-files/2">
        <group>
            <file>file:/C:/Users/sunil/OneDrive/Sheridan/Winter%202020/Object%20Oriented%20Programming%202/Final%20Project/FinalProject_v2/FinalProject/src/finalproject/DisplayCustomersStage.java</file>
            <file>file:/C:/Users/sunil/OneDrive/Sheridan/Winter%202020/Object%20Oriented%20Programming%202/Final%20Project/FinalProject_v2/FinalProject/src/finalproject/DisplayNewCustomerStage.java</file>
            <file>file:/C:/Users/sunil/OneDrive/Sheridan/Winter%202020/Object%20Oriented%20Programming%202/Final%20Project/FinalProject_v2/FinalProject/src/finalproject/FinalProject.java</file>
            <file>file:/C:/Users/sunil/OneDrive/Sheridan/Winter%202020/Object%20Oriented%20Programming%202/Final%20Project/FinalProject_v2/FinalProject/src/content/Customer.dat</file>
            <file>file:/C:/Users/sunil/OneDrive/Sheridan/Winter%202020/Object%20Oriented%20Programming%202/Final%20Project/FinalProject_v2/FinalProject/src/finalproject/DisplayOrdersStage.java</file>
        </group>
    </open-files>
</project-private>
